{"cameraMode":{"drawMode":0,"name":"Shaded","section":"Shading Mode"},"sceneLighting":false,"audioPlay":false,"sceneViewState":{"showFog":true,"showMaterialUpdate":false,"showSkybox":false,"showFlares":true,"showImageEffects":true,"showParticleSystems":true},"in2DMode":false,"pivot":{"x":0.3059999942779541,"y":0.4480000138282776,"z":-0.018000006675720216},"rotation":{"x":-0.1476185917854309,"y":0.780901312828064,"z":-0.20131957530975343,"w":-0.5726011991500855},"size":0.6638789176940918,"orthographic":false}